LeagueIndex,min,max,mean
1,2.0,70.0,13.125748503
2,2.0,72.0,13.2968299712
3,2.0,80.0,13.9493670886
4,2.0,96.0,14.0221948212
5,0.0,96.0,16.1637717122
6,0.0,168.0,21.0885668277
7,6.0,98.0,31.7142857143
8,0.0,0.0,0.0
