LeagueIndex,min,max,mean
1,22.0596,172.953,59.5392765269
2,24.6648,179.625,74.78091683
3,29.8188,226.6554,89.9712596745
4,38.028,249.021,105.847166338
5,49.7358,372.6426,131.520717692
6,65.373,389.8314,158.683211111
7,115.7556,298.7952,189.555685714
8,146.3892,375.8664,267.341236364
